{
  "K-Means": {
    "Accuracy": 0.5481702763256161,
    "ARI": -0.005444921828540338,
    "NMI": 0.0009419045439341725
  },
  "AC": {
    "Accuracy": 0.5481702763256161,
    "ARI": -0.005444921828540338,
    "NMI": 0.0009419045439341725
  },
  "FCM": {
    "Accuracy": 0.936519790888723,
    "ARI": 0.7614239616810072,
    "NMI": 0.695626825730066
  }
}