{
  "cavities": {
    "TP": 89,
    "FP": 464,
    "FN": 0,
    "Precision": 0.1609403254972875,
    "Recall": 1.0,
    "F1": 0.2772585669781932,
    "AUC": 0.5,
    "num_samples": 553
  },
  "utilities": {
    "TP": 0,
    "FP": 786,
    "FN": 0,
    "Precision": 0.0,
    "Recall": 0,
    "F1": 0,
    "AUC": 0.5,
    "num_samples": 786
  },
  "overall": {
    "TP": 89,
    "FP": 1250,
    "FN": 0,
    "Precision": 0.06646751306945482,
    "Recall": 1.0,
    "F1": 0.1246498599439776,
    "AUC": 0.5,
    "num_samples": 1339
  }
}